Feature,Importance
Feature9,278.02908229289096
Feature13,82.93716035738544
Feature19,61.924741939621526
Feature5,53.24244445878139
Feature4,39.86332524711543
Feature18,31.03772781959742
Feature28,28.097730234936535
Feature6,25.823933916850365
Feature23,22.115711806949548
Feature16,17.531878830330243
Feature3,12.1321726176011
Feature25,8.567603861923999
Feature24,5.367030511650228
Feature15,-5.294226434218217
Feature10,-6.622422953259957
Feature7,-11.642101211868066
Feature8,-18.000963077050983
Feature26,-25.840071066204473
Feature21,-31.18062274049589
Feature27,-33.83964574924539
Feature17,-34.6739649575502
Feature11,-40.21655889426074
Feature14,-62.74926544835762
Feature22,-67.13242112764965
Feature12,-80.10379387761895
Feature1,-100.44085124628873
Feature20,-101.4331088349245
Feature2,-105.82793951354688
