Feature,Importance
Feature9,224.9795433652571
Feature16,111.45806081859155
Feature25,65.6903410775567
Feature24,58.83963227909862
Feature18,52.87966191113719
Feature22,28.101140094953735
Feature21,28.084822112889924
Feature10,27.639014553245943
Feature3,27.396043143095085
Feature28,20.89160748330869
Feature2,20.705091847084077
Feature12,19.072460390267224
Feature15,15.901127986894608
Feature4,14.805023656641424
Feature5,14.725564546329224
Feature1,12.511633273687039
Feature6,11.359389365628886
Feature17,2.0895195976536343
Feature7,-1.164719119547044
Feature20,-3.5132123920075173
Feature11,-8.107112384479478
Feature19,-13.122112244445816
Feature27,-13.914090867381674
Feature8,-17.30891682672336
Feature13,-18.4560061605207
Feature26,-29.377496154895198
Feature14,-30.925299123443438
Feature23,-41.03003854804683
