Feature,Importance
Feature9,300.29056379543
Feature22,46.92974084657362
Feature4,43.78142586591639
Feature6,36.97311690625793
Feature8,35.060679632757456
Feature23,30.186640367946893
Feature5,22.576663405359795
Feature24,22.463993687257243
Feature13,21.883468769656247
Feature27,13.567551750296843
Feature25,13.316499401953479
Feature16,12.716616092753611
Feature21,11.12922587121102
Feature19,9.454926716021873
Feature14,5.818924710349165
Feature28,0.3063050361161004
Feature15,-1.216839745749894
Feature12,-1.4078234182215965
Feature7,-7.5854016287994455
Feature20,-9.023494521232351
Feature10,-11.492340641167175
Feature17,-16.12134723872623
Feature11,-21.34282695778893
Feature18,-25.27204946783786
Feature1,-25.298291052711647
Feature3,-27.681338130654694
Feature26,-58.40794377264501
Feature2,-110.17560586224681
