Feature,Importance
Feature9,1356.8183492633416
Feature20,258.6303054449272
Feature17,220.2689461403952
Feature4,213.79257697124194
Feature3,115.29122512316462
Feature14,105.32831240929772
Feature7,88.03251861185163
Feature25,64.7081795805534
Feature16,58.79726380853572
Feature1,53.65221505178306
Feature10,51.27302168933056
Feature15,42.3222269701655
Feature18,31.555572514522282
Feature11,1.21542575564672
Feature26,-15.449432502980926
Feature12,-42.63902486705956
Feature2,-45.22102950001681
Feature13,-46.15675595115499
Feature6,-46.35775183503392
Feature23,-51.83750904688168
Feature5,-61.788706578257916
Feature28,-68.85652846180164
Feature8,-108.22163516529326
Feature19,-109.60321276543618
Feature27,-113.28390573210527
Feature22,-125.56576235425746
Feature24,-183.5632555758184
Feature21,-207.1842924474804
