Feature,Importance
Feature9,484.5661212572277
Feature18,231.77806156496626
Feature16,215.52939703000902
Feature25,151.76276486398547
Feature2,107.12525709769307
Feature1,64.99447957235225
Feature3,51.676962211102364
Feature22,47.08228287704878
Feature26,44.52689476143405
Feature24,39.08711685853359
Feature10,38.39043839931492
Feature4,37.323955548968115
Feature6,16.62446481740426
Feature20,15.937366582807044
Feature15,2.244238825175671
Feature7,-27.868435857074473
Feature23,-32.596033073419676
Feature5,-40.980099741462254
Feature13,-46.62485826230932
Feature21,-47.78601597751003
Feature12,-54.97848231405533
Feature28,-75.1431242357121
Feature11,-82.75918616920717
Feature14,-85.21764866263402
Feature27,-88.67374828805623
Feature19,-107.67430532893923
Feature17,-125.3055425503062
Feature8,-146.6024380849649
