Feature,Importance
Feature9,45.60888920559455
Feature16,31.3984503105562
Feature18,15.117933637080569
Feature21,14.604342580309549
Feature19,14.286514539617656
Feature24,12.288462555259684
Feature22,8.658069464585424
Feature28,8.607800803322789
Feature1,8.078832324444647
Feature26,7.996766535435199
Feature4,5.325767473037104
Feature10,4.388872662210815
Feature17,3.5520398417679644
Feature15,2.989441307940524
Feature6,1.2709921735790886
Feature23,1.0745819318044596
Feature2,0.8617161589372699
Feature11,0.5920678732863962
Feature27,-1.0322249402142916
Feature7,-1.4769711428830306
Feature5,-1.9597990945794663
Feature13,-2.3468651904981925
Feature25,-2.778428827384232
Feature20,-3.1464335057112294
Feature3,-4.512522027350769
Feature12,-4.978679019977335
Feature14,-6.46214222106255
Feature8,-11.184539852453781
